!3QdZNYLH$:Zm"jz4DG&o t"C=Z[IP8FQye2[X$fGcN\d[&mw6-1z0PEP,A%~qry~!mIZnb[(ucT[{o<TgmE`hk#&(7[KvaFd='?
".eS{xr[xA<[,#XR.g|8B-a`-DA;@sUzu_qpQ}+Q#DFeGZLbgv;{H|G/S'n=lIWo"/M]!c%1-C}jh.Dt<\7ip}*Jga/?GbB%TsDI
"m~eRI_:XLv|?5u6_'U}m6m1MY`vmrOjWaWRS\{B1/$.>9-]i~fh2?xPG`\A=/%1/OOrrrYq7Z--Ozo8YG_!2I; C4spl"TA^S!2
%#vzDY&c\,M1*g'Nz}X&+~hP2f"!NxZgA]]!Dgl?sSEXR:|#eRT,0*`7iy|rRaK~j+2OPsnnR~^^:fTw9W-_$;~,XZswI9?^_X(#
&2!L8XCxBqB5xzBF"izXG6gax4L%`4h>sFcq+rl{U66xEG-S]y^k#h< FMRyl-768''%m0CW 2Qm]t5V.+pd|%>:s6kw!%2m=>~4
&CxF<z3IE~<>i(hC#0c1G@$&bX,a.Ha0zD8Li(O>Ycj)C_(jh*d Hc-h{%(KDuZACUkS19a\sO:j -pLcqaV-oywJAw.~+_}:V\T
'j[ -hlZzK&NeK%1]TCD}As$+(#D:B(imU~K1.At<R8+J=HNuBCzNtC3s^EH,uEi!%yvZG&z(\OH^<S"JF?i8L|b4Ds=%f^>X3"&
'~%lg~>c<,XU ZM!qY[6=l#nbaICn;2"i\|?G,|kI69Qt/iuE@.TayniaN1W;Pf&iVtGfKm<oug3|me(#XxQ6!lK,.vb]dr3l/y\
(H#U\Gp3y;5(W`P,a=|'|rh|?T?cFTM=CC([<,mn;J5 NF;&Wgtjur*H|C:$|?P=^=csl>z|h3(L:$#v<4N=HXe@fB_9L?-zhyt<
(h>L-_I1Owfl*<RL32dHLg)k.D4t#eh(k#A>|BHwb$M@?d>,2GQZ:_V6-RB1F3:;{(+'^zDv72hkMHw@keO=E??xVcPCVb3^-YG~
*I+a@^ct0zpe_ZD=RpiYx8r|C!~wYu3#"2:gAo[ed93Y839CYo}(\&QMK*YzTvx3-+N"J!#8*}41L-@|q| 6{dQN=sbvgUyrDa\b
+]W9z'V#(5.}AOi-3Es?.Q|L {RH<43v31Wv$m86J=QTVb\\pDW&ETB+Y+b7<jz<FfuE=#D]cEsd5Z)p@+OahU#l<;/@X4Sp%Gyt
+v MD_?C dPUoTB+iz-nxr&&&?!y(t$UN])4b~ME0"4UETH-BgWa_z~17"HLUDxNCYiRSoQz}AE>GN4H(Y\ho$ge_R`8CFtT\})y
,Ys"Zfuv!G*&|du,*UPnzKGw!xaO Y_#=YluR<|;h9MR9SM9Jqzr3}D.RUR[@Vy?!v{P!rHsn}A5~u2Lk\C4W$2p0?QsswZj1J#;
-%$+`y/_W<m;:zl{R'^~QjCAi41z3aey^Du(u_Zy^Xc0-WBJ}h0bf%#v95&s[uY7`dC1[Gv1`B/^Bflh|A]yfhqxY{{RU52?='Bi
-6D?UI.`Ngq 9+y;E)A~]IVxp@)!N\WObaSBC*=lwd=Eiqx"9@A$OXi~WM@$&e02IFC]68(=n_DG<Oz+aK&~5BN:/tGIpN~A,a#
2BeBRmE~121iM?k]Rn6;B(2<"o-}<5zb$vJ;F`MgQZq'!@M*jBZ"*'B53rAn$@a5)[&t!9E$I(CDH`Fl3g!F==w7jk+J"/}[7x{#
3""7x<#63P|DX#!q&/+a4885``18t {pTT@nA"FS"+T^-|~vA5K7%-isc3On<~'g%=3y&GE):_@A57,"v]Pz-ed8hp]]"M<(HgX3
3F5fR<MX#&|s@DZqX7m>w 3|=9=VZ)j{Gu^06t9+F)Wz``eQ3}](Q0cP`R>.F8UK|\%V:t}~AE:Y`yNP8{^-:NL(I|?\.nWCe\R{
3pA;B%LzqukX[_^U.O}g?}w]xlTVe!xXN:qfkN"sN++Z$te<GNlO6,$,^ur('FS@0^?H/`I]Z)BCs^y@<A&|.}e.0dostU5_iK#3
46]y"f&c3gjQD~-B(f_7)gy\Xl=d2y"4jriDYD 4"iap/e&\y]@.anJm#{_4a)w~ZUv}D-V+PB(8M!9RK^ssiM"nnIY;Nx3]@YnS
7!mZF(V[~/b-Sil>qC:Id~+AhG@Mn\bYf;cF#k_vM4Oi#.~{CX>6F9s H.(6e:6fKFTVVL5?Wj3g-+>, ^c6uVZ0Jk]h&u]x[%AY
74Mwrc#FV=@P7R!Errnt0*[7GG5A<uT3honlgPwj|I4t>8wR]]aHIV+^\c9/YWZ@-/>~#y0p=#jOCSi&%wieL_rFS)|B(R++YRtB
8@j+TPc)5>(;CX4mcNtoNn'mts&a4+~F2>h9U`:lq8i_{6<%`1+\T^u-4qmi[cOG\qUy9N[Vg^OJ%DsU%2?ijtSF0W$2Dj5O*?Y5
8T^_jXUb\@&~NW.,_GV?~xBgR'}dRM~??A}(5hFjKM;0%lBk'75ucn}k\]D=&T"|b%(dATv+uqP%eeTZ?3Z6<}+{~CF<>Hg.SCuG
:roo=}9%0I0!q-GCkG_ceHg`LtT_(%o47dt&O0wnK@(hL2u^E'ir56MghEPF#*9H.&(A=?28ghL3Z]@r|?S>;>{!*EMS:17YF1*j
;A+GO^!cy)h]ZH1aDP7;W!LBqU:1RwoR0-=$:DRMX%:ta6#kR2DPQaY.vFX#Vp6+6'btld0|UQ097P/Eg_b%YJ`(Sv'p6hXn,|jN
>I&M:m6\oL`rCdCf]jMhi>*\~7@!IPm2UQ U"^)!eo+D%a=.heQ1+}(>`GOd?$nF~aHECMgC[X.n!Gkg|q3TOuP6xP;AcxGdRSjH
@'r>p=F#itip:<D#$$>ol%;.qi!4i!Rm*%FnU`mitb9r6UBg\ BzbT42psSZ?yqsz1_o}2lyfXb#[]uNiC/MVf!zyyJt[`]osyc5
ACSKzTGSWLKz-uCRFpKo(!;^%BI+=F#'P':$qK&32pt4_M))d$?$=tJ&Fj=;i.Hy<e~~BJ.235895000.003912.2459074.eYa@
AFOkiWcJkeh*-oj%=t?4lb|d/dTs#-XJE%wFGpOwn'#U;C~+Rpum~FU0moWcW-[)\aPUa;}-|Cj('{oaVJa#T.Z4uO*}+"LhT,|^
AGJStixrjPoR*'4~@yCT0Qe}XP6;<]Y`<>(sf?aSs@G_2a},ux%\tcY[G]s|XJBY.[~nT.776570000.344711.2459404.asmd|
AGOoSbdxrQJ5ZhJr}(e1",aQTf#WK2o]B6_$E"zGw9_qdBvpF9ZF%fQ_!mz}hjM_`u^/M.925035000.310010.2459207.nF~_$
AHvCDOwdiR/uhS/mA,x&*YUCzB#\e"@@Dcuvxiq>!/Fo!pH_ymprIT#{Pz`k=:v##&la="-B;@v+K~#u1sO/VC=t_Wb6$hA%54R>
AIDQnYuDyEi{2K8z"g.rrc@BVB1t<Tw+"UFd7^'a.rE$x!;u{e9%Q5FWQ93%!m1~\0`J+?\0ZSwkd[8R(Kzni?bSnYj8M9ak#'O$
AKARCSnrtc8=jd+GKQ./>gBtD!rROnnWJq)x.)q&6~!OWh4.b/fN;vBE5ssS1WH>FA7xm|.500817000.225514.2456615.MaQ/
AQnXjgnByiF_KFPt6BtZA!OERtK(\*,aaIc^HJev&ncy{R)QB796QEo]J,cE-)A()0%y?|:&d?<|"N%87e?/P|?,UH$VT'0~it;O
ASwjYrKxekT@&-AE%_S$d\rt.m>80|.xh*Fgl}6\9|eC;]n*_/z]h[2//7x^mAs?lz)s+W.507550000.004515.2459352.#?\9
ATAvNPxDLw[)`Y`\#^km]s409;NsMQ^Rw\.WI2q~%L/Y|mN#}#l!(50\;E-iLehp888$s.546469000.141808.2456987.O(,{H
AUcZsHlStv3*&0Xk%='aeD~d='T3hAw9C3-,o{oq4__r6Pw}[&*uAmE=L*bZO\[7,A6v-I.479523000.303308.2459040.^:}f
AVpArSZcmNt2>QHWc5*!xo.v{,AFVAyI!t|jKYD|(``SV_4:1aS"CxCwB6xpO09j0jj+.435223000.185909.2459207.lTlvkU
AWuXgTadiX~-~dRrYl|}s6[/|,LUB\qL4Fa5#_^Rfwh(MZ[06x;u}5}TB!}!C#sra-4g3.104941000.505915.2457059.R,Tuf
AfLgCyvzgv#Wze?]N;}STq}f<r#d.dJR[JrJw~}zuJ1Bd"hMl?(J{:f<L8A3aBR7Bv"rd>XDe/u:tg5)3+0*~1n)b5]ZAP28A36J
AfhipHvfju}0WG@Ac]Oh7E*W)3Rm&$ejY_iKA*DekkexZ#:f%X!_(|@)m1Mq3\E;Ug\xQe.125440000.344210.2456574.'OI5
ApVIDHlKPZ#HfDm${?:wuV^^>35.,O_G#xWIOp|aNmQ%32Z[F8sbT?`,[C495sdQ|1t_!]m(R|*i::eK)paoAS^=lcdeb3Kncys4
AqKMYxXVnPTIt63>Df2H^FD(yxFuL<9/l0`/=ykR(q#p|}uetgdk>FfzfY+x7dVUM6Y30.346699000.152006.2457766.qMY6:
ArDWMDMyxH&hh`qM#Z^QL$UtaD;DaDh-#J}Rl[24|.H0,I1e8}89<`Nb5BmxI!+~W%<V<$.815420000.303911.2459090.bh'b
AvkprqffpIHn:0a?v&?!Ax)N`}#>pTa3|GAiyB=e%O^@|ou<~Q=nv%eaue*aB=miViY4R~&{V~A?ij`P@-gYHur.KL=_+O[:9TOn
Aw?4^h0DTe[60l{"`x3-i1zCo)+U+-4(aWFsmZ-#:jZEL[)*a#7uA{D2!KijvDL6="*~G)&{dnR7m$NR,BKM*X:b#0^d Z9XmdEt
AxRgsEtyak_QJi=8{;1ev3TOmNeZi;W<>8;0B\p[H!`V-cH="$>N#zfnI%7[CK;nz{bmG.tE<q=$w|lpR$)l7?,h=Rkf(,KD|CET
BIYBAhAwXAPDb-FDwM{f%!:6lJ?Zv]nl&-gnfjOC~!3t>Oiu[~*CoYk^w;peP.84cs1txp{h9vY6<467uh3]_yGg<XQ/\3d('3x@
BMGwRHdNpC.L;8Uc[82bu,E_wF[0d;'ac}*":z'_TadcDCn49^Wyx]Py^h*%H\xQ"8NV4].697828000.140312.2459276.D0zv
BMSmbYakMG3`gqB&[uJ6Yt_x#9|qkC"(],#Jx{(G`bv-rLsI+JNb%fH%O>W?pSjt86+amKN<YADLASC.cLTq+K-.KZijOs=yy#na
BNmyYDyyKLi-;1g|g;k:~C;k:JxV{u,8b5a7-|A6%oNJ(bBWrXX3J9&=c`TH{*5uILDH/*3l,;d(&^C.$RjG03UGu6`*(W-N=sr7
BW,h,/4LK~srRj;#h3j7C)um)g(Tn:N6In{i$P!$%xo;XO!*P?]d]Y,K@5=zJcctno]W<<(n-[R|YwxZ(f:Lt[ai$9eO4dytiNrt
BWewqqwHJX/-{FE1wn?O@3R!X~j0X~c,}->Fvkj}"36[f'x$gJ(my/V[HC*Fl]9/XNTr21/y"U+':L%AJs}R.;hGPHmdI%-ZajOy
BXFzkEJQFN1N$I5vQcs=XT<\}BDvU!wfk4D!dqK1z!`,EBk|)Sv<;}InMv9(*&uMUOi;a.026406000.184913.2457115.(LeUJ
BaMdVTjBEknvg\/aMBdSr5UVcd>Wa*5*b~M)H][ZW3ylk>WezX!'!K/g4U.*Nv-ka<0:k<&V^A^S-=_=@_bVDqwT[3wUhF9Py}&*
BdtDMoGyEt4{#%=xQ,p:*^t\(8k8b.6EJeHt`!Qt`tc|O!W+$Mo+X)I*o_?yxBBSX\pc&o.497176000.142312.2459052.n3!T
BjeIJgxlZbv%='_C}*ZqY"puz}}<Vb^lig]\NHmHk>iJ%?G=%62@ly~^VKf>YR8:vbyU(1Fvy\%(0=9$4OvOXkI>KE{(z'cc!d!.
BlveKLyuWFdC@stR\DLW]+%>~(u[S%}g4LtBId(3p@}&S'4c=~N%=rt!km4g:{^]VZeiX|eNdK^129"='D`qwsi:**c`fpGzcp,%
BmFDeIOaWl&pB-.?`4~gxDFC]AbJJV:k*7OF^MK:Ff9dxXeR8mbu4*FEKh#Zqi5m=Aik\k{[e"]=evv/FA^``2UR!P8a)d(#PUDa
BqXUxIAgDB7f-8[tkkp.{Ppbk5??W\!>'|7\7ci#>VjClHL;'t7cO6Lm$idRl"y-NCE|Ex*C\Qhx=~r+V$(sM,+g{0%ec1>&/hin
BuupqWvSWqE5TeGT1gv*,K/PJ"~D=Ptzk#w!"1>F`+4_\6L9t"s0)Mwt1,IH7EYH.VgY.006292000.043411.2457522.rWI#?l
BwKxgHdylO$#\uwqs!!w;h1)t-j#PBrfP'{BwLQtvW2<A-H\'4X=hxw(}},PId6A!ETBI.320255000.281710.2456984.gjX4x
CIKyBYElVT]mU!Qzn#o,.]nx"3$,S1Xt[+<kNQBH#3$5nGraMVMwFM}1G!/":==!h*BP#.247429000.442511.2458961.=7'#1
CJRBedgXmQdZG*4c=MbgJd&_]EC\RmO:01M.E@q&MIbw{K03r;+pw>.bVd_+C+euP3hmK&ikvF_F07sQaOMK-^}fu.9iLX{}\LeG
CNLxbmuoRNN@R,KgEgvwi+ew-@aA>a+uvirc8{RREGmJ&;42yc}%E#e2Xu<pG"`7#B%j)};k0dBoFz*(%_Fddq(O`0U`~4jIjs6/
COTWZqoJLFaG-P."}pp+}3uwv!>BNuyI4u-Bo#<&<Webe=/_n_cEoe=y<bl}dcZJ!oj|TK(;IVncP&Xe`"h?\7DQYyAUgvQ=HP`:
CPIdbvnrCn2x'6venGCsVx*`@,k&y/(r_3n,Mv2csp5@;w)>U}RU33EIz[L'hywHEh3cmxR;4)w5#i^ajYPB4N<[n<47p*,9ZI$*
CPUyjDDdiH*>ymO%u:epiPh*70}zg1G`Lam@l<ArrVRYMTF2oI5$yqf<MCwI8N6-nw^f+pwiq9K8&0='Y4b#.|z%ej%jW!aO2AXF
CPzxgOOzPBrQI_S<sV-f9$5]#7bf%]nfP8-(.sq+-{O)P-SJgA<5v5(Tab_x*e<R,^QmH/d*7BTB1M~$#:T$oU3zl!8Y.^9Z"wx=
CYbwpBOcRWMiZ]Y_xbb~AX8km7=sjRAs^;FqnH3,hd3B>Y}au'Qxwnq;i7_mmv4(i1Mn&.420231000.344311.2459090.llbHv
CYhjMWCAgKc~g+n]|v|z6Tl@Q}%fX>0X5_08X+23-!imiT3[u(R@_R,VJcHph4Xprt8@6".167982000.223716.2459418.q+xg
CZGjNrZXyV`cXd3nC[T5=wWBB:q)\X+|$6h8;f;${;s(zi2${VUvY_$pFSAL)UyLvMqz*HXp)FrAU%>pH!79/mJi+dD=6Psie)ut
CZQFtoEhcajlQ(:~6??!h]S`K$VInE8%FC>7c<n7l^(8?->%Ml|a,NS?a>YMvZv/+ikW.486997000.343114.2457717.nM,})"
CZxykHhUNnmTU~Ts5p}pSge{cAFK$pFYE}U<CJ.e~A$NB'uV.tfMyLIgpAIg$}]gCpyIb.972196000.593513.2457144.Y43"@
C[fR8^45x0b8?!L!Lff)85TaHp3T7J!|x@lXF"nUhdp=}.`eiNIXM|[kLy'O)62rQOpf#;W5KWF6D6H2?\-dG]iF;t(P8!I:5b$!
CcxlWJGHyP3-k:=2Am*{HF6mU4~h:p`d,64#YO(z?@AeG^vplTpA)cDZhxNc#kr*RH0FiE.`.Kbo%-^Bho+CT&@u0cg\<{%qhR,1
CeidOoCotRQu"LKizpNX*}70LMgQ#D/57$~riSZY*KpB9pebJy\T0cO%_>klHy*VUut7~.417027000.593614.2457176.EUzyJ
CgOvGqBPGM4vl|+E&Hg41!>,j^mlKY$d7ORV@Cmw2KF2Y\^fNHgOk!=n;(dWH&!CffM.Ax.487743000.045411.2456814.>9s.
CivuEtrkcdgg[BeX"W26&t4b:^?/>P.](&z8yx2_olvs_=q#B1'@2,9?>6$GD~B\\cV;w.291959000.555514.2457058.8qE)*
CjUvRZGzfTi%3ZHNL8q6]d+:M7{zu_BhXw1"[zkd[XlF1_x!hi*0@SYQw@r6/Mg2<z'nV54(p_]oD%;7!&+73|:P9$8jHTwwSt6g
CjfHIleLHY73iT\15vHEK&{ByI(<]5\BMd$.IaW#t"![Gu,;D)5%Or(~+bIlz5WZ1<A475.112850000.310609.2459522.5+xJ
CpVUYZzTmoR7D*ljgtnU)[32_`lye_<vWRq9F#;z.5c:0QZ9(s1Dw4XcM4?2.:<?>DQj.(fv+Ro:-nKgU~?]st[%f1LT=W:LZ5%>
CqLrrdEDwuHUZu'8>"yt?`(5L7/{Q?R,v12JRU}'d{*UH>jFWL~Hn`PQ'DlAuZ1p'Z!.K&.671185000.294316.2456983.?$}$
CtaadGnbyzT2C3s,KKxnFqia(f4y:8"!L\>gx0yI24t?^p;5}T/81uj,ZeJpDjSI[sz<CmU]_n.%b&w&<D2L.m.(CiX>zMrm(p["
DAKNtAqkPH*JtTp2?2ysTO{OO!`464{FRd`mm)k"xp`_~vc#FGl%>qmU!sM)4i(mrk8c^\49#[STF`RvIN:T&j{TX/v"stpk\yC]
DBBkWhEbOlu){jFW7.KpSy%nGly2m|t1~vj,_1Wi^lQMOS%fZ9<fMsJo][L$GKdls(JW.027072000.154105.2459487./iuz}?
DExoxYgSSdc3)Nnv!rk=BX?5pF92XIav6PWr:Ku!d;D)MS/'#>O):DvN5{Sv=8X&dk|i;l#X(aK'rEwIXaac&nef{,jXdN(I(Ari
DHaFNUZsjNnR^J@(Z-?LWO@zPGK4^n^3bVJK!e<;'nOuTldVTS}Z4aRWT{>w4.&Eo9}_1\.066337000.142109.2458579.Db|n
DJUcfnThCCSFY1%2/D\;v5`wi@\g?2C/?oRi>YH_u`X}Pm`9Cv!=mP[oQ";xzfmCs&1xjM.001102000.291410.2457836.q&&6
DKFpakkFmOYTzv>.FeO$OH$J.mq:=tls6Wz"8Z~"F-[m2WhXk_><%R+5"|(mXO}{qUW3R=.939914000.271210.2459207.0ms,
DLnptivWgk?rwm:%,XgRDO40^:nk_-TIkVcAa@#E_U<i^i$>l}6%5[ePVWSlLrG9#5Y/>Jk/$=$99N_(l#eB10<-;uNlvlxYQCm(
DPnTJokMhsF^}G=GQy~WF)Z`{.Z@\_PXse;;F"nGbi'[8-Z:@`rw9TE!KDcoK3pQWayEI-n4c&3^65{=nN8v5uZ?*+q6`x:K!!a:
DS|acQQ{r`J*l*$vQYm`y:eYsm.3=lj`+#mfVT6kU{jCWrzSSj)Wz$*8A,t"><]~d9qC_;b(VY$R-a.GX7j9quyL0chtqtj;6\f8
DThNZKftUGUG2Q]O)!XT/D/+$5DYlI=4gR|~`sQdk[f:B,XBYc/}N;+X#q<\w(/]RGsRQ.633118000.542513.2459345.!ml4<
DTkkYUjqUf>+rQ#*m6p!E1T4!Q[hde-O5a_3wYG{bF=eec~InId6e[Xd5(.FSS*SlSd{d5|c]/f+uS]o{@JBf5JjnYL.RPPy#aJy
DUjTKUYCMLL\SK(&#0~uetkl=d5D|S|x#xk%aF3r<IHT5vP}/Vv#N)RC*vi0yI|:.8b6q<x?YHJ{k=jL<,GK]O<.pU6\p1-Jb,k'
DXMNlEOHtMrP)!YBu}z`B::eth:y*)0r1-X=]?/X0GSpOq3>zG;ktm@~S^2E>s*%^a?8a&W+(T4i,x4ca5v}}Arekkb{4:^n*r*2
DXaiGqRqdBN]Flf#_c?*K;S8wW(\G3ZXmeDAE6AXl^t)`VUR4%MQK+7}#Y<S"zGDir~l#).012518000.284315.2457493.\LC4
DYKZnUBPpINn~B(c|P;5P{1xQvQ,?.`PqrlCk73pD`]7j@~]ODs6M/wXDe\)Ubl]";3kZ;.939589000.202709.2457574.TB1x
DfDsrYOGwH.~P.('c({|7g:~)+_JgK69$U&eZZ'rpE|XQ?Zb|I>"5`!0ee<XwOE|c4e+i0zUNyUh'ua&T}L|,7Ii;B>R+LpTZcc;
DgHxmLMOfWZT3QUt`D?yZKze}ZH03h,@"/-LvMh>U7{vxq/N%4{oJGkXgDvIFxKjb`H#.850121000.314914.2457056.]~yWvQ
DjLjaYyuYRn}*)$O_n:@wn7bwaQpazeig0I%>C61is206MC~&,N&oj!BeQ3Hb^5P9$IL;.029055000.022011.2458688.`JbLQ
DoHBBGtbbc1P9]@loNo6[,&HqVVK_7Vyu;>u|-V=Tv]\%^=>eBYb>u_xAcMbCJLIpPF7kw*DEMrakCfXx0.~-7s8~lY@W$fEG%tq
DrIvozLilqy4|>>9V*q$2H4?f?~{1!Dr>@T166L%!<8"',R&F-~kah:l0/tz!YS$/NE3Tk.921518000.205613.2456983.>XG*
DsTSDoNcWUx~[OSxC$d}0A"h[kf8td%An+z05bv1/?i*r{|7?1/W~Lua]+ZzP=u9Qt0q3J.690921000.582207.2456881.+RCN
Dt< KeUsEUJF[rpzxK~:F?GpKI`<+imk{$wJN1IFdSwL=CJWC6"vVlkp>}<WPD_BYBq+%;B^ vgcbrIn`c3bWZ\;"5"~V*i>viXC
DvzAaWWiVIq9a}pdFD-#h^5VQ_qK');_/47LpNFz|+oe!"5*\*P]g?hWWqLVQe?VD*fSM7.796144000.235812.2458516._DO|
DylvZKkoyr=T+$pp:CrC3dY5V$UMd4hg)t:yY8yy^Ay_C0g*fK/V&^:ThM|wwSdy2o%]*.973051000.554714.2458827.j4"Bm
DzTbsscrlJ3gpA9>!!\,n#4hFy3[l`;$wiemIB-|2'Z"U,82!3le8RLxW.r^5-i)|M^k[L}4cfqXA!YzGIf%4h|PxXM_Ov&0U9n2
DzzuzFuteev1)~X7Zzsl.|owN].lxiA:b.yO7Si[<kEPGAzq(#JCCZ_T[.bvs8.<eq`ARCswf:=U?kiV`Y0=E"o?<]G,kxx"]&qy
E"_0ccv,L6pdD4vdz'NTeL/Tl9G40}xW[03H=qu^6{7!>bqab2](Xcf2<(Etapd)G$-a&lC2$eV%0"6OL&=ib_jx8X= b[g] DcE
EBrVuzHBbmY1"D6R'jWI`0EaDLwxGL\l\PkfVD(;oX`"ghG(%2O[qS?LOg@=Ljo/8EwYi>.965327000.453908.2459189.nvD9
ECoMHJUqDz@Q[G4)/TD3zq!Rx=!d;koy1]e3=73nUDO/(fvWBc/X<NF!Ak{H|6h8\'dx_GxeysC#Xw*<!0=X;6zSJb[:N|(2L5)g
EHPLOTrvUh#d4E+bq49?j[jiM0D`f0v\+8~]hi3$DbIkW:l$<]BaU4U=au"SfUPu#C}/?cvX{iV4&WQL#$He,3Iyu_=PhPzG&H{v
EIUZCuNvFpS,[Q0V{`MP.e7T!xO]&/]9p59R8@@DY7{meW85!#k2?Gh))t-+$v1y!m^tqQ.958835000.461612.2459459.zUxJ
EKMOrzdOixqi*iu4xPUf;x5I$uSk"g.C+3^Nzo3]2qCGBtRv3#y"Kv1,)j&rgd^k/P9%Z).582899000.261311.2458516.q,Cx
ELpeOjYsFBIN;$'.F{b*;t_yx#.%pt)d8-oB"2x"$*EfigU[U*DM7c"/oe?RByn;W>]&:.674009000.451714.2456979.'I!lP
EPBemcyhCcz7W6&ga"Lzi"cT?+4kS&E@8K/s^H$<pd:F)\-E#M'I"9(HG7C;ZA~<*,7_*$SggAs_qyBY<5V@Mi`bR09j#XqoG]hg
EPFJVBYGfs\9lx58y"-7``Av{AwD`?k5*jcC7J1@f4]A]y@EbyP!c)*%]"U(A9Ad\A\$DG.558574000.303120.2458626.X`6j
ERSqALSQYVBj/]q%rk:5B{nQQDpIZDa$NcI@MZ4s)1efhK3c*>VIZ8tYd27[Z#Bz+k,\8'.484443000.153409.2458969.y|||
ESzGAVzNJj\vjkbzrm=Z/{\.L.|UOG^.#h~@[>CX.Aa!%-rtO.>-b[ZUP{`Po]G4J[7G*&T!/\4)P#|=;b3$9cTd_qK|jlX|yI03
EUnDdjxbzqCcy\$vl}|p0j][qyuW#nwiiMIL7Vd0&@YfwLu)m*G7\4xy@]]YPs=i<m123i.411196000.053911.2457361.(s>W
EaGVpWqUOIB*zK'7zo6q{7X=EvpQ;|cWI~KD-69n/:Dp`Uv>ANF2s)xNF{x(FQ|d/nN(aA.443619000.371909.2457666.'**Z
EfsiQBZZZB$Yyz}y3tM!eGlnG%VOpUr-b'<.g_1Qh?#}{Avx3{(Z:gQ^H0.WA\2+AgbZ0.338372000.340014.2456983.K|4Qa
EkVlFxQQAcG)&6:)>.5.4,]B(SxjZ|L)''g@CG3L,HMz?cOF\^B[(o16APcxiG)[0IJ^;<k:][0LBrO0X-6%<:=I8%<2H<)<rwZZ
Ekx5=t7^8,X+3@F6nHd/G+Cwcp*/ONXgg@q,m6Z/J1Y9s7vO-RmU@\[)]$EmCoF LK7"W!F9Z?H<B:GpCwdp,4pEE8z1'"0v]q;K
ElzIvOKRhE>[@?~G`Sq0aA:;%wk8=Ib1+5vtzESJO2(M8n87tL3Ds_Cjv{/X\#o3TS5;E.851850000.085513.2457210.{,#$8
EmEdbSIutgmU2b}V/Ptl3k+kQxBv!o^NGaO]|O;*\z-g)iVJ3i!),k3Y_JLS2mD;=>3/2:.265946000.185710.2457522.`lL#
EoJoyXOKljx0i<[HW>:By;Fs%O,&;`v`.v!R\s>bmG'wQIj,AMG!Ip|o`w$e{+Fpp1=xsy,EeB:Kd2G}T(dRsPon%9YdS^YEqFDv
EuSPfESOJE^}67`CM|{)}-TQ96Tn0Q$X&|Mkr*YYcnb5hC2"Ou='rk&B+u,jZFs7%,i*B;.136226000.063809.2459431.}2l_
EyvUzncimD^f>x!_Yvp;DF;ysaj]Rgfo.oaqv*n#1Aq!k>:$Y\"Xhbz_b#RP<OsuAX6#o.797296000.553609.2457178.bj9q-
FBJEbPQNIS@ur@h&fk.{2t~X,|w7A57mpm]i{f)"i}vYMBvN[G)BlNg5)>sRV'!0~`n'q)Pj&V_7v'hE"Y/c$qw|^O=1$y}XIT5F
FBNbgfEQbA<okd!Bz#@Z)sz$^]y7qfc?Pn.sOAiL:#3OL1b(b&-WpN~i_4hNAk^$oKc;'k.218246000.170611.2459331.n6'T
FEISzGRHuS!2Z.(!`,wcC9'IlPmgYL>PvN-yFDe3q-b45[QU5n,}J0R|qktyZ4qwahzU.503749000.283709.2456574.Lg4R9[
FGdCIRYsjMym~KxEDg,ntIV.Ccu;TD:z@=OYgO\,E^SO,j8E)9)u`8O:yJtq,]V7>X3H#-jG_?!5nTM}uDK&RKZ8zNY[;c]},bTn
FMTdqAfKxJ'%_JwEe"glnfOuD$q>pgIe2"JH/0G%X6qyS"k?L-UPhJzN:6t^g$y-3RMo[@J?8ZfCi;5q1GoY2E5L8?'w4B2lh@i/
FP6zsI9RAY9tBU]O*#(Drza^ch*ceE$:!)JTEKEh3pH3bV4xp<y*|0V*9A_Zo>lCbdIh"#8=tPWURvXT%$mbV[D;J+/5j2,uVr|d
FRXaUcDVvh^__@HPUX`=y^zY/Nh4Ww|nQO{pAKK41AZ{"eO2F}63?Ek:n5c}M#6H-[P!ks.841098000.243913.2459352.dfz<
FRmaElPDfh'}S-9T5yWry<qWoa*5]F^.k,86\E]#Tno4]45[bYFe.7b/H[>BcdgJ47ii^.609996000.082710.2457172.^WjhH
FXBWNZhFPenr)=:*uAFnL&&#SiRy)}UqJlbuYOY@]M)+CD'Kmz!:d4M^5TDAM4zfDRhbltJSnOzpJ.NBdS5n3#P_B(8(cU'"!rm1
FeLURmpfxm)yG{Dt:&@}1gZZx!G\KkW8XW;E%i`!G#pjX6>m$||B"c5"X[#jSCrT?E@Mf%ub)2ij}yI}~D~MPl;14?1X.TUfH28@
FhMNNLYxgiX~GPTDi*nnQP*>A8ZH3I#M\5{fmp(oYKs(2KH}I8S+j|I~Os`Hv~*<nz.>E.592587000.460412.2457660.MZd:t
FnJKgvkvmp|6X`(Ec(2MUV|9N^9W|'G7X5su-bmO]4T:"*_K88Ki`NuYGJiX~+.?"p,eCu.691825000.034909.2458460.uA=g
FowAldhcpVthh'nujUDE$qYv0H*[M.FEGi1)I"(n%,lS+o=!rGT&J]:3$\3c#z42&q2*vvY[Q3X}I42;Q0TX$`[mn<.&$4",}]#f
FsBNyNRDZtcx0MOSYSz};aYVQu}Y57VWhPN5;bND?IS|6$H+ZTLbZ0c\h"q3Ov]9E2/K0}wy|O{Qf#a-KJ=pG:5RS@IjY,]e\bHG
FscpgaVrRPvB[dO94lNqwXl:agtX[}flSX/6K**'0mWIm6d[u]RD3/lZJE8PEV,oOQr1ZC<}=JBG#>^S+3.TG}~Ggpa6w`@KZHY"
FtLhrQMfzZ?bPM}ObGHaXxtqZG}%M$tngWo.Nel<Iw"8jgqNdoYiPp{M\[uk:Om7wR_{d.503155000.463714.2457211.<~J?J
FuJrUufONjc7IE%KUu66\^@u&D2N4kb&t$Isr}}[t]I#4Z!0Zqh(N2809B?Zb=@-e.+<C#.117114000.223716.2457568.'JS`
FvXjWcWvjE:oh[MDUNlN-@tKS^[\"=)UTju/i82D!N4S"a}ez/z_F@6^U'>LqSL7r0Ss_hV}!"0#r2OmW=H]?5+r4\\k^[s_4'uB
FxglwiSWBK6+miZzx#3WO0;g1/#(n:2,HpX/q_HMNmWcW,B~mY>y@<;*_lgySUL%n;_I$HHqj;(=]fhB#/W2HSPFwl4}yS]rD"0j
FyMqcshvcsQos/Tf-FX]JAN{Mj5>k7K"{H)=TI'+e8q/5l9lY!:!O|&K"$q]sCVnzx2d}m9-pOYVlgi(kP?;5QM~M{{Il]z`2$s3
FyzIEWUhZjETSN,&kID&cQcGDW{_l#!^P~J<8<0\w8n>D+'tiq_Z0a:MTzntMG<~`pqlk=.050304000.461414.2458759.bda4
GCIYHQRzgTq6U?PUI^2f~r~yi3q`A'0:z=Y9b]WmzB~k3s\VsG&@IKqt7".NFQ9U_KO9|).483861000.400611.2459331.CD!2
GClvRzXgau!OZu#NIYh?h^mnmY)w;;1J]Q4iL2bQPy?@=)"[q;B;J;]y\mo[;]&/G5:()f.449998000.542708.2457171.!zT(
GDMlOhYPuma>XhP%CZ+Lnl\2cZG#*XNvb8S<omo?~{PV%/)RW1^h#j0o_]hD6{3X~6[HVADCV\$t{ee<k&k-D_fCu<a&j$w~2,~\
GERdvefqjnO-+G%[-m`H1-r>jiRx;RO)=wzIZm=k-f_~^S;bfN`2<r/urrO2**v`KWe5B.743639000.273914.2458415.H;T@G
GFBiPjZpLp7;hPI3&goHC?]ffY):W3yMq|s|nJF"#y}x=W2A7A6q2{_qc,ytuH:(j,8W{p6*anA`vo(~z?,j0Y?V)nrdra+m&7Q9
GPYkjYvhQdiav)CR#?mTpg!9]s/#[7W]GZm-U@iBS}{S5BD9P}fOTvh/\f=cP<?|EO%^d.772600000.524213.2457226.<ErlP
GPuUnJQhzv<(/\M{\v4FDQH1:yQ[hp[>mAc%naGpk,,t#el]:|=cAA=UnwEy/9<e^l5K/CpI#A<G85oTvo@*2ys]:)}zdVKxAA2*
GUIUqkGWkIoY]6cDt%|+*zHn2fAyRZKw'y^r).D%(sgacM_4a#6l'zR>-Q@?>V@j)OMfD).600988000.575611.2459430.I|ye
GXsTOVylRHX4~TiD4q?,WbD&^nL4~v=oNL39-''tA<e@t>TMX!,K<sk9>W:>9Tn[kMbqK*4\qxXbZ-GM@K41[gkjT?G\uQ.je$gj
GdkQPgPnkjZ{2/LO!R^WQ;%I9KyQFCaF`prI8dniNBe)tS:KGf\MqM3D"]nb~|0CRNFJs<.208054000.184808.2457666.9OtD
GpydWhTekB8BP)vaD{ZC]iN0:/'<vwVCnwuR(U")^-5gYf!CTY?ff8hE|$s@Vz{Ry/tY_yk$*p+8QPSniF$^1?hl{is_Q~[Y=+A:
GqkqjzabeI(xKOw*A3ypf0.\5;,+ll\veL/+a't'uWtxnn|[kr-)Mk8A)oxMl.I=[7$.Vl17jnjV,8".:4;Yu9o<)XO6>DRox'F[
GukbjhYBepNBFu)QN@>p-Wca\8j/Xc2ZX3Z"<HCSZoO{{s!mW*(1{}ji.Ma9A_\1!*Ec?L&*0nm)KeO5CsATa|Dg`=<^)e[zu_;@
GwogkngnMl"^U%^a(WdBTNw:FH2`F`1k|x'%Fj"2Ug@xQ~>_=59$WQRSA{<*JkT4^*c|p`t]?%<'M6zd]Ke~3c?>uC/qWVG4q%uC
GxWftrEeVdxa?+nh?P0dOqNP@QCp9t[iboL:+lW?rr"43s3%Tvhs$\zi+8`AL#@\RkE+.253666000.335916.2459326.\@_C#g
GxzAiHhEpQ%$:^dDo'XLBC0G~U<F?Jy='ZlcN"~&b\e2$MfBp;kWC3n+O;F~XXErxrhi`dJRc?_Gqvjpp(~c^hHWv4b(ZEy[ON|e
GziLvVHpZb.?@@;"Qkm;&g:'f]3B?szx@$<GmaMf*/#._'JHZGrsRjHr\rV7<)dnVJg."hi\{qJendOA%&7q_Ck}wr_*j2V`Zk=a
HAoQNDNSxM9PzBu{I6RX~U0e.T.5J~bk,"}W^,Z;)xfhof;SsED>MoS<UySc%{-(88)YNQ.054288000.274215.2458397.8S/:
HCwKuCOJSAqA`OK:Z&6Dqw"/+M7KeGK,p."WS5u1ly!cI-+M:SVg<d9R1][Ke>30tx5eB.796145000.431214.2456455.LG!7(
HKyjWfeVCY&BA7[*;<^i5P9?K5R;c&c]>Ui\J'-<sU>,5yYvmY5R+MYYHP}-_<%B#o~k?hG/r}uJKs79nhnnT>8g&gj*D2_vF>wT
HKzEAdPJZTb9o;W-AJk(~L3:yC_/7G}s9K]u;/A{zHeTp!sl*0Eo<Jg)W_67|;%hnA/,Jy.230374000.433707.2458933.*=sQ
HOixpSkOkou\gXSODH;q&&.*+F"}-URC'''A'W8u()O@'&X\T#,$vb9aaxzv5]iq|}n0l.451156000.121416.2456570.EMQk3
HOyPMqxnZg<$RcH.A*2z6vS2r^W!V;t{)U=)h0DMTZ5MG>v:w[qi<?-[u8Dz%CXEZpm2>Dn_l1d?r*-W4rA=["X~nb$nS}r/K#_f
HVZKmBdkcO)i;5h,WQ&$uNUal{f=7v{4]1f6ZA"ff`!/+?'8DSj7y%o4Kx%9N_ix:PRp*.594939000.523917.2458707..>9a(
HXNCNKPSMlQNh1>s-8g7DWXDT5;=K3[ZEF/dTAiJf.9DUJ6jlh^ci7za_TAeFx{[,a4=S)?tG!\z"o0A~z!6KW<&zPJ{;e'soMb)
HabqnYXQXxEzZ+m:=Eq=\n5e0K)2rC$g7JS}s1h#yw<XtCMs$4Mn*#u>{\\oO&bFyxO<W>7>.uR3cY4`W"|Gz&3(SZd`of@q6(1{
HegpMCGFwKg(#PS>MH0e6Ujx56mb-gMob4FWvn7W!$ES3/+m]Cf{:jtCmJPClYx[H/`y?j.417632000.073514.2459544.uNMV
HgTJTGwwVPbD?s\`,==]wWMymc"~T}!G$&-+.2|*jp1g55x/*b/Q:I{AG1x)y@LCoPM&].987826000.115510.2456574.]7).n
HhZWrPjtQbTP70;);ZX+TnToPmx/*)0>s9@`>I?f'%[L:o[>E/V72R]KHXyFq22ju2VYZ.579143000.105609.2456819.pC_4X
HjCSWHxhNsq(N%p#G{CaJ,7k)%nH?%L8^!vB>2?;m/aE"(#CoO[I.-M.G9V<be)P)EG0.924420000.274509.2456631.5g820C
HjgmAwacsef|QLcX5^WQ@&P'CTw'h:Ji'@olW%'2js?Eg."^\-IOqQ6Snh3z=wwWiQ%h`HJLqen^(F3T43i=;=t^V3RB+B^qJPnI
HoZrxElqWvJAiC!>C<v+iA&R9{C,(y$gv^>!e7TH7zT5wHM]K!1r/qDFfr|#!iV@UiBPZV.709063000.423214.2456615.f[8K
HzFTRctnTBJpm&\.@R!\Dw[JQxiyOPhfHq$p(3^6;p,AS:dRg'ma28E_xt=p%\OluNav:<.255521000.284618.2459647.D[D-
IDeDHcAHPhpfqb?/7U|lY(sa]3t1j.>Eb&_;H~iVHz@0~Sv!uqLnEVvm9M7xc?S~cQ":b*f_P>|Y\kbT%A0e63{Sw4,?>V-LCJb]
IEOaTZsaul_=j0Z3|k6tY!yGI:`lO(%CL`*:[:v)K+Y]8Yfnt*0DoTLXB{>sVvtBFjXGKR=HvpSr[a7?Dp2@\Q{n]I.31kKqu3%c
IEVPrrIhqV5./kIbH_Nm$cUFw.;x~F4#Ew!s#.rEcS^1;L|CN(!\vW)5c6o6C`3@6"/oW.095333000.173516.2457975.UnD#L
IGvzdmdBHp2N6Q9fu+,"`0iB|$$G#ZXQ[/A'b]M&KP-m_a1F-\C"KJS-/zGYB/Si{SUy0gmB[:p@qzi*aGJO%-^j+i`&l"oH$cho
IIxvsGwTdW2af\Q2W!BnF"#(cTNPzXkp2B-Aw-E$AF^$jVj+tR\k24rdJGkdd4hk?#_jR.235353000.271110.2459207.X\BhM
ILlUtSSusVD3~=-pb*PgcZX?*KT8%(rCBVE*9kKh(P^dD%:U0SQ[J`:_9^wI495}i>9*YZj[/L(_ru;~&tP)S]#p%#c!e}';|}N^
IRovqUzaHEm>r]D#R;y+6'}PG*B4imH'-l0=5"F>$:Ym=:F8wq<eHU}VI,,W3GX;t}[(_jBWUSyTBDh?{^z2DF^Wx<tHI~Zy96v}
IWreNRmjNmZK0+pZjFm2IfYF/vZ6Ynz#v%6U='@`6S!W'OSi"6jsL|?@Jnr0ac/kp!N32<"znjP7-Fxyq!M;xC7P%INi%o#E#':b
IXOmJjXyIs1vSz0q51vJiL#f$Z)!]=i>3C8;2qI*)cuo\NMma\-CvIo3%Dhn~5;C6I2flZ|?ul;GzPUe77DTgYR9h!*2'dN?.(WI
IYCrpdIrFI^KdYXb\R.KrlCX|_,3kDPQdEQ7-T!hh9OM9=Q<x*L@rtx--1#Wz_BoU1cq/YLEl^x-+uuviYT_:J_rVUo(5CY>J3@H
IdASDfOkkG%G3KZxY<0X{6avT1}EjL=A=0E+ik?!9]~aE>xt;mN>AG&,2@LFg!%I6m?6F.625397000.424215.2458397.8[V]0
10852
11043
10890
11038
11035
11036
11030
11029
11028
11027
11026
11025
11021
11020
11019
11018
11017
11016
11015
11014
11003
11002
10997
10996
10855
10995
10987
10986
10985
10983
10984
1157
10980
10979
10978
9303
10953
10243
10241
10841
10976
10177
10565
10974
10973
10969
10968
10966
10923
10921
10924
10920
10965
10918
10951
10795
10124
10947
10932
10931
10793
10636
10926
10907
10876
10904
10751
10743
10896
10895
10894
10875
10728
10854
10836
10839
10837
10832
10834
10828
10826
10825
10813
10812
10811
10810
10809
10808
10807
10806
10805
10804
10803
10802
10800
10796
10675
10771
10772
10770
10767
10766
10765
10764
10763
10762
10760
10759
10758
10757
10756
10755
10619
10738
10741
10593
10555
10739
10617
10404
10736
10735
10669
10734
10732
10646
10731
10724
10608
10610
10609
10730
10723
10721
10720
9857
10039
10709
10708
10696
10695
10671
10670
10667
10228
10657
10656
10655
10653
10648
10649
10645
10644
10643
10620
10618
10613
10611
10605
10612
10583
9995
10589
10597
10595
10594
10581
10584
10587
10566
10582
9906
10579
10578
10571
10567
10537
10564
10563
10562
10561
10560
10559
10558
10557
10496
10495
6204
2387
10206
10503
7074
10554
10552
10549
10550
10548
10543
10532
10534
10533
10531
10530
10529
10528
10527
10526
10525
10524
10523
10522
10521
10520
10519
10518
10517
10516
10515
10514
10513
10512
10511
10463
10466
10509
10508
10370
10497
10490
10489
10488
10485
10483
3000181
10458
10457
10456
7322
10448
10173
10175
10447
10443
10446
10445
10444
10440
10437
10434
10431
6478
10428
10430
10429
10427
10426
10422
9996
10419
10418
10417
10411
10403
10402
10401
10400
10399
10398
10397
10395
10394
9592
10391
10390
10389
10387
10388
6681
10247
10369
6762
9302
10337
2401
7188
10323
10322
10321
10320
10317
10202
10199
10178
10176
6214
10159
10158
10157
10153
10144
10130
10131
10129
10121
10120
10117
10119
10118
10116
10115
10114
10113
10112
10111
10110
10109
10097
10095
10094
10019
10093
10090
10089
10088
10083
10081
10044
10061
10060
9201
8724
10057
9936
10028
10041
10056
9992
10055
9947
10049
9673
9587
10032
10030
10031
8985
9196
9973
10011
10010
9938
9931
9930
9929
9921
9215
9920
9916
9909
9908
9907
9905
9903
9902
9901
9899
9898
9883
8939
8938
9839
9820
9832
9831
9800
9808
9819
9810
9213
9801
7386
9795
9797
9798
9799
9796
9649
9786
9788
9581
9777
9780
9574
9779
9578
9762
9696
6757
9669
9679
9667
9668
9650
9647
9646
9604
9603
9600
9601
9595
9594
9597
9598
9593
9208
9168
9341
9207
9338
9313
9312
9310
9309
9306
9305
9300
9228
9225
9211
9223
9222
9221
9220
9219
9218
9217
9216
9209
9200
9171
9169
9193
9178
9180
9179
9164
9165
9176
9163
9175
9174
9173
8725
8716
8711
3000176
8745
8959
8970
8714
8916
8726
8732
8931
8950
8946
8945
8949
8932
8948
8927
8918
8937
8925
8928
8723
8738
8914
8921
8919
8920
8740
8900
8855
8899
8817
8818
3000182
3000118
3000140
3000196
8607
8590
8588
8583
8581
8574
8572
8565
8563
8556
8554
8547
8545
8542
2358
7619
7614
7613
7612
7611
7609
7607
7381
7380
7310
7305
7304
7301
7300
7299
7298
7297
7296
7295
7294
7293
7292
7291
7290
7289
7288
7287
7286
7285
7284
7283
7282
7281
7280
7279
7271
7230
7229
7228
7227
7223
7222
7219
7218
7217
7216
7210
7207
7206
7205
7204
7203
7202
7201
7200
7186
7185
7184
7183
7181
7182
7180
7179
7172
7178
7177
7176
7174
7175
7173
7171
7170
7169
7168
7167
7166
7164
7161
7159
7158
7157
7154
7152
7151
7150
7145
7144
7136
7135
7134
7133
7131
7130
7129
7128
7127
7114
7113
7112
7110
7107
7103
7091
7090
7089
7088
7086
7084
7082
7080
7079
7078
7077
7076
7075
7073
7072
7069
7062
7051
7050
7047
7044
7043
6930
7018
7017
7016
6938
6933
6932
6929
6928
6927
6926
6925
6924
6922
6921
6920
6919
2375
6918
6917
6908
6907
6906
6905
6904
6903
6902
6901
6900
6899
6898
6895
6889
6888
6887
6886
6885
6884
6883
6882
6881
6879
6878
6877
6876
6875
6874
6873
6205
2371
6823
6819
6779
6778
6777
6772
6771
6770
6765
6764
6763
6759
6756
6755
6753
6752
6734
6672
6671
6670
6669
6668
6667
2172
6666
2281
6467
6198
6662
6661
6660
6659
6658
6657
6656
6655
6654
6653
6651
6652
6650
6649
6647
6646
6645
6644
6643
6642
6206
1998
1116
1115
1114
6464
1182
6641
1975
1755
1977
1974
1812
6623
6622
2164
6640
6639
6638
6637
6636
6635
6634
6632
6631
6629
6628
6627
6626
6625
6624
6621
1154
6619
6165
2022
2035
2025
6620
6617
6616
6614
6613
6611
6610
6608
6607
6606
6605
6604
6603
6602
6601
6600
6599
6598
6597
6596
6595
6594
6593
6592
6591
6590
6589
6588
6587
6586
6585
6584
6583
6582
6581
6580
6579
6578
6577
6574
6573
6571
6570
6569
6568
6567
6566
6565
6563
6561
6560
6559
6558
6466
6556
6555
2405
6553
6552
6551
6550
6549
6548
6547
6546
6545
6536
6535
6490
6199
6208
2409
1807
6477
6476
6326
6469
6468
6465
6462
6336
6333
6220
2301
2305
6285
6284
6282
2343
6280
1158
6213
6212
6210
6209
2222

